{
  "schema_version": "atst-summary-v1",
  "workflow": "autoneb",
  "source": "run_autoneb_parallel_single_gpu",
  "status": {
    "n_frames": 10,
    "n_images": 10,
    "complete_steps": 1,
    "remainder_frames": 0,
    "complete": true
  },
  "latest": {
    "step": 0,
    "max_force_image": 4,
    "max_force_eV_per_A": 0.762359710481031,
    "max_force_image_energy_eV": -11866.3285147387,
    "max_force_image_rel_energy_eV": 0.4963712613007374,
    "ts_image": 5,
    "ts_energy_eV": -11865.5027869029,
    "barrier_eV": 1.322099097100363,
    "delta_e_eV": 0.3894670000008773,
    "energies_eV": [
      -11866.824886,
      -11866.435419,
      -11866.7863325713,
      -11866.6931253791,
      -11866.3285147387,
      -11865.5027869029,
      -11866.1500324162,
      -11866.3918878252,
      -11866.4283284077,
      -11866.435419
    ],
    "rel_energies_eV": [
      0.0,
      0.3894670000008773,
      0.03855342869974265,
      0.13176062089951301,
      0.4963712613007374,
      1.322099097100363,
      0.6748535837996315,
      0.43299817479964986,
      0.3965575923011784,
      0.3894670000008773
    ],
    "image_fmax_eV_per_A": [
      0.05341662712114326,
      0.04816617927169565,
      0.09010599444733951,
      0.06415617366919082,
      0.762359710481031,
      0.22597128169934508,
      0.4858262940875583,
      0.0326012603035258,
      0.05578514330142191,
      0.04816617927169565
    ],
    "projected_neb_fmax_eV_per_A": 0.18459029226066861
  },
  "steps": [
    {
      "step": 0,
      "max_force_image": 4,
      "max_force_eV_per_A": 0.762359710481031,
      "max_force_image_energy_eV": -11866.3285147387,
      "max_force_image_rel_energy_eV": 0.4963712613007374,
      "ts_image": 5,
      "ts_energy_eV": -11865.5027869029,
      "barrier_eV": 1.322099097100363,
      "delta_e_eV": 0.3894670000008773,
      "energies_eV": [
        -11866.824886,
        -11866.435419,
        -11866.7863325713,
        -11866.6931253791,
        -11866.3285147387,
        -11865.5027869029,
        -11866.1500324162,
        -11866.3918878252,
        -11866.4283284077,
        -11866.435419
      ],
      "rel_energies_eV": [
        0.0,
        0.3894670000008773,
        0.03855342869974265,
        0.13176062089951301,
        0.4963712613007374,
        1.322099097100363,
        0.6748535837996315,
        0.43299817479964986,
        0.3965575923011784,
        0.3894670000008773
      ],
      "image_fmax_eV_per_A": [
        0.05341662712114326,
        0.04816617927169565,
        0.09010599444733951,
        0.06415617366919082,
        0.762359710481031,
        0.22597128169934508,
        0.4858262940875583,
        0.0326012603035258,
        0.05578514330142191,
        0.04816617927169565
      ]
    }
  ]
}