{
  "schema_version": "atst-summary-v1",
  "workflow": "neb",
  "source": "neb_parallel_nested_mpi.traj",
  "status": {
    "n_frames": 7,
    "n_images": 7,
    "complete_steps": 1,
    "remainder_frames": 0,
    "complete": true
  },
  "latest": {
    "step": 0,
    "max_force_image": 3,
    "max_force_eV_per_A": 0.22199444997583753,
    "max_force_image_energy_eV": -11866.5920477651,
    "max_force_image_rel_energy_eV": 0.2328382349005551,
    "ts_image": 4,
    "ts_energy_eV": -11865.5022114508,
    "barrier_eV": 1.3226745492011105,
    "delta_e_eV": 0.3894670000008773,
    "energies_eV": [
      -11866.824886,
      -11866.8003583557,
      -11866.7818721656,
      -11866.5920477651,
      -11865.5022114508,
      -11866.3263766579,
      -11866.435419
    ],
    "rel_energies_eV": [
      0.0,
      0.02452764430017851,
      0.04301383439997153,
      0.2328382349005551,
      1.3226745492011105,
      0.49850934210007836,
      0.3894670000008773
    ],
    "image_fmax_eV_per_A": [
      0.05341662712114326,
      0.07507211764915163,
      0.032556280757376585,
      0.22199444997583753,
      0.08049856635049497,
      0.14099306668111183,
      0.04816617927169565
    ],
    "projected_neb_fmax_eV_per_A": 0.11413329151763954
  },
  "steps": [
    {
      "step": 0,
      "max_force_image": 3,
      "max_force_eV_per_A": 0.22199444997583753,
      "max_force_image_energy_eV": -11866.5920477651,
      "max_force_image_rel_energy_eV": 0.2328382349005551,
      "ts_image": 4,
      "ts_energy_eV": -11865.5022114508,
      "barrier_eV": 1.3226745492011105,
      "delta_e_eV": 0.3894670000008773,
      "energies_eV": [
        -11866.824886,
        -11866.8003583557,
        -11866.7818721656,
        -11866.5920477651,
        -11865.5022114508,
        -11866.3263766579,
        -11866.435419
      ],
      "rel_energies_eV": [
        0.0,
        0.02452764430017851,
        0.04301383439997153,
        0.2328382349005551,
        1.3226745492011105,
        0.49850934210007836,
        0.3894670000008773
      ],
      "image_fmax_eV_per_A": [
        0.05341662712114326,
        0.07507211764915163,
        0.032556280757376585,
        0.22199444997583753,
        0.08049856635049497,
        0.14099306668111183,
        0.04816617927169565
      ]
    }
  ]
}