{
  "schema_version": "atst-summary-v1",
  "workflow": "neb",
  "source": "neb.traj",
  "status": {
    "n_frames": 55,
    "n_images": 5,
    "complete_steps": 11,
    "remainder_frames": 0,
    "complete": true
  },
  "latest": {
    "step": 10,
    "max_force_image": 3,
    "max_force_eV_per_A": 0.7772511095976022,
    "max_force_image_energy_eV": -7052.2777382743,
    "max_force_image_rel_energy_eV": 0.32602352570029325,
    "ts_image": 2,
    "ts_energy_eV": -7051.9835059068,
    "barrier_eV": 0.6202558932000102,
    "delta_e_eV": 0.00016400000004068715,
    "energies_eV": [
      -7052.6037618,
      -7052.2762745801,
      -7051.9835059068,
      -7052.2777382743,
      -7052.6035978
    ],
    "rel_energies_eV": [
      0.0,
      0.3274872198999219,
      0.6202558932000102,
      0.32602352570029325,
      0.00016400000004068715
    ],
    "image_fmax_eV_per_A": [
      0.04961855196876844,
      0.7766812016288852,
      0.043044399020908154,
      0.7772511095976022,
      0.056371836712751276
    ],
    "projected_neb_fmax_eV_per_A": 0.04481202096921318
  },
  "steps": [
    {
      "step": 0,
      "max_force_image": 1,
      "max_force_eV_per_A": 0.8430336477055574,
      "max_force_image_energy_eV": -7052.2455622266,
      "max_force_image_rel_energy_eV": 0.3581995734002703,
      "ts_image": 2,
      "ts_energy_eV": -7051.9496211244,
      "barrier_eV": 0.6541406755995922,
      "delta_e_eV": 0.00016400000004068715,
      "energies_eV": [
        -7052.6037618,
        -7052.2455622266,
        -7051.9496211244,
        -7052.2477175881,
        -7052.6035978
      ],
      "rel_energies_eV": [
        0.0,
        0.3581995734002703,
        0.6541406755995922,
        0.3560442118996434,
        0.00016400000004068715
      ],
      "image_fmax_eV_per_A": [
        0.04961855196876844,
        0.8430336477055574,
        0.16636638366842088,
        0.8430002900668968,
        0.056371836712751276
      ]
    },
    {
      "step": 1,
      "max_force_image": 1,
      "max_force_eV_per_A": 0.8399414720920975,
      "max_force_image_energy_eV": -7052.2477125642,
      "max_force_image_rel_energy_eV": 0.35604923580012837,
      "ts_image": 2,
      "ts_energy_eV": -7051.9525929529,
      "barrier_eV": 0.6511688471000525,
      "delta_e_eV": 0.00016400000004068715,
      "energies_eV": [
        -7052.6037618,
        -7052.2477125642,
        -7051.9525929529,
        -7052.2498273288,
        -7052.6035978
      ],
      "rel_energies_eV": [
        0.0,
        0.35604923580012837,
        0.6511688471000525,
        0.35393447119986376,
        0.00016400000004068715
      ],
      "image_fmax_eV_per_A": [
        0.04961855196876844,
        0.8399414720920975,
        0.14757421808502177,
        0.8399208104822737,
        0.056371836712751276
      ]
    },
    {
      "step": 2,
      "max_force_image": 3,
      "max_force_eV_per_A": 0.833984580645892,
      "max_force_image_energy_eV": -7052.2533572574,
      "max_force_image_rel_energy_eV": 0.35040454259979015,
      "ts_image": 2,
      "ts_energy_eV": -7051.9574881539,
      "barrier_eV": 0.6462736460998713,
      "delta_e_eV": 0.00016400000004068715,
      "energies_eV": [
        -7052.6037618,
        -7052.2513089283,
        -7051.9574881539,
        -7052.2533572574,
        -7052.6035978
      ],
      "rel_energies_eV": [
        0.0,
        0.35245287169982475,
        0.6462736460998713,
        0.35040454259979015,
        0.00016400000004068715
      ],
      "image_fmax_eV_per_A": [
        0.04961855196876844,
        0.8339807140811565,
        0.1163094451711855,
        0.833984580645892,
        0.056371836712751276
      ]
    },
    {
      "step": 3,
      "max_force_image": 3,
      "max_force_eV_per_A": 0.8256265224702629,
      "max_force_image_energy_eV": -7052.2573776119,
      "max_force_image_rel_energy_eV": 0.3463841881002736,
      "ts_image": 2,
      "ts_energy_eV": -7051.962833771,
      "barrier_eV": 0.6409280289999515,
      "delta_e_eV": 0.00016400000004068715,
      "energies_eV": [
        -7052.6037618,
        -7052.2554065157,
        -7051.962833771,
        -7052.2573776119,
        -7052.6035978
      ],
      "rel_energies_eV": [
        0.0,
        0.34835528429994156,
        0.6409280289999515,
        0.3463841881002736,
        0.00016400000004068715
      ],
      "image_fmax_eV_per_A": [
        0.04961855196876844,
        0.8255859553110443,
        0.09787672155464432,
        0.8256265224702629,
        0.056371836712751276
      ]
    },
    {
      "step": 4,
      "max_force_image": 3,
      "max_force_eV_per_A": 0.8155418832924365,
      "max_force_image_energy_eV": -7052.2612517534,
      "max_force_image_rel_energy_eV": 0.34251004660018225,
      "ts_image": 2,
      "ts_energy_eV": -7051.9675362861,
      "barrier_eV": 0.6362255139001718,
      "delta_e_eV": 0.00016400000004068715,
      "energies_eV": [
        -7052.6037618,
        -7052.2593651052,
        -7051.9675362861,
        -7052.2612517534,
        -7052.6035978
      ],
      "rel_energies_eV": [
        0.0,
        0.34439669479979784,
        0.6362255139001718,
        0.34251004660018225,
        0.00016400000004068715
      ],
      "image_fmax_eV_per_A": [
        0.04961855196876844,
        0.8154485760729512,
        0.07594695082229266,
        0.8155418832924365,
        0.056371836712751276
      ]
    },
    {
      "step": 5,
      "max_force_image": 3,
      "max_force_eV_per_A": 0.8047602496044474,
      "max_force_image_energy_eV": -7052.2647859379,
      "max_force_image_rel_energy_eV": 0.3389758620996872,
      "ts_image": 2,
      "ts_energy_eV": -7051.971283079,
      "barrier_eV": 0.632478720999643,
      "delta_e_eV": 0.00016400000004068715,
      "energies_eV": [
        -7052.6037618,
        -7052.2629918335,
        -7051.971283079,
        -7052.2647859379,
        -7052.6035978
      ],
      "rel_energies_eV": [
        0.0,
        0.3407699665003747,
        0.632478720999643,
        0.3389758620996872,
        0.00016400000004068715
      ],
      "image_fmax_eV_per_A": [
        0.04961855196876844,
        0.8045949381615173,
        0.055702405699303306,
        0.8047602496044474,
        0.056371836712751276
      ]
    },
    {
      "step": 6,
      "max_force_image": 3,
      "max_force_eV_per_A": 0.7945218421999803,
      "max_force_image_energy_eV": -7052.2679484044,
      "max_force_image_rel_energy_eV": 0.335813395599871,
      "ts_image": 2,
      "ts_energy_eV": -7051.9742721158,
      "barrier_eV": 0.6294896842000526,
      "delta_e_eV": 0.00016400000004068715,
      "energies_eV": [
        -7052.6037618,
        -7052.2662492335,
        -7051.9742721158,
        -7052.2679484044,
        -7052.6035978
      ],
      "rel_energies_eV": [
        0.0,
        0.33751256649975403,
        0.6294896842000526,
        0.335813395599871,
        0.00016400000004068715
      ],
      "image_fmax_eV_per_A": [
        0.04961855196876844,
        0.7942609190846625,
        0.06349760747970871,
        0.7945218421999803,
        0.056371836712751276
      ]
    },
    {
      "step": 7,
      "max_force_image": 3,
      "max_force_eV_per_A": 0.786011789177156,
      "max_force_image_energy_eV": -7052.2706629653,
      "max_force_image_rel_energy_eV": 0.3330988346997401,
      "ts_image": 2,
      "ts_energy_eV": -7051.9767261314,
      "barrier_eV": 0.6270356686000014,
      "delta_e_eV": 0.00016400000004068715,
      "energies_eV": [
        -7052.6037618,
        -7052.2690466821,
        -7051.9767261314,
        -7052.2706629653,
        -7052.6035978
      ],
      "rel_energies_eV": [
        0.0,
        0.3347151178995773,
        0.6270356686000014,
        0.3330988346997401,
        0.00016400000004068715
      ],